"Epic","Feature","Story","FAILED","BROKEN","PASSED","SKIPPED","UNKNOWN"
"Edit Authors Tests","","","0","0","5","0","0"
"Get All Authors Tests","","","0","0","6","0","0"
"Create Books Tests","","","0","0","7","0","0"
"Get Author By ID Tests","","","0","0","7","0","0"
"Edit Books Tests","","","0","0","7","0","0"
"Get Book By ID Tests","","","0","0","7","0","0"
"Get All Books Tests","","","0","0","5","0","0"
"Delete Book By ID Tests","","","3","0","5","0","0"
"Delete Author By ID Tests","","","4","0","4","0","0"
"Create Authors Tests","","","0","0","5","0","0"
